model,folds,MAE,RMSE,MAPE,MASE,sMAPE
ARMA,3,320.20672234122173,397.75626169993456,14.151084940250149,,14.422644607125816
ARIMA,3,340.2018572043729,416.67943149622585,15.60599300565102,,15.246110442409673
