component,mean,std
Observed,2093.5364583333335,368.7472477120939
Trend,2085.736016324552,87.80395892193977
Seasonal,6.503506963790625,324.5153783616098
Resid,1.2969350449906258,151.20720833639993
