min,max
1620.1561230602676,1670.894173636886
2384.4510629396186,2531.332998456938
