Metric,Value
Missing values,0.0
Duplicate index,0.0
Std Dev,367.7857147907233
CV (%),17.567676613738932
Trend slope,1.125017802403493
Δ last vs prev (%),-18.13747228381375
MoM (≈4-step) (%),-2.48283148441627
YoY (%),-6.341958396752922
ADF p-value (stationarity),0.0013088168921791697
