Metric,Value
Mean,5.972235359897603
Std,311.4203396872642
Skew,0.25888686198584177
Kurtosis,0.823679290596917
Ljung–Box p-value,0.13038054910743854
