stat,value
count,192.0
mean,2093.5364583333335
std,368.7472477120939
min,925.0
10%,1603.6
25%,1838.75
50%,2130.5
75%,2333.75
90%,2511.8
max,3217.0
